,acc,f1,pr,re,auc
0,0.9801439712057588,0.8255139694254086,0.961916461916462,0.7229916897506925,0.9294408988810371
1,0.9797240551889622,0.8228511530398323,0.9515151515151515,0.7248384118190212,0.9350589646022822
